categoria_banco,producto_banco,presentacion,serie_sipsa_propuesta,cobertura,notas,origen_catalogo,mercado_preferido,fuente_sipsa
Granos,Arroz blanco,500 g / 1 kg,Arroz de primera,Cubierto,Preferir serie Pereira Mercasa; alternativa Arroz de segunda / excelso,catálogo de referencia del equipo (códigos Jessica pendientes),"Pereira, Mercasa (alternativa: Pereira, La 41)",DANE SIPSA-P microdatos 2024 + boletín semanal sep-2026
Granos,Arroz blanco,25 kg / bulto,Arroz de primera,Cubierto,Unidad mayorista; convertir a kg/unidad de referencia,catálogo de referencia del equipo (códigos Jessica pendientes),"Pereira, Mercasa (alternativa: Pereira, La 41)",DANE SIPSA-P microdatos 2024 + boletín semanal sep-2026
Granos,Fríjol cargamanto,500 g,Fríjol cargamanto rojo,Cubierto,También existe Fríjol cargamanto blanco,catálogo de referencia del equipo (códigos Jessica pendientes),"Pereira, Mercasa (alternativa: Pereira, La 41)",DANE SIPSA-P microdatos 2024 + boletín semanal sep-2026
Granos,Fríjol bola roja / calima,500 g,Fríjol calima / Fríjol nima calima,Parcial,Variedad del Banco puede no coincidir exactamente,catálogo de referencia del equipo (códigos Jessica pendientes),"Pereira, Mercasa (alternativa: Pereira, La 41)",DANE SIPSA-P microdatos 2024 + boletín semanal sep-2026
Granos,Lenteja,500 g,Lenteja importada,Cubierto,Serie dominante en SIPSA-P,catálogo de referencia del equipo (códigos Jessica pendientes),"Pereira, Mercasa (alternativa: Pereira, La 41)",DANE SIPSA-P microdatos 2024 + boletín semanal sep-2026
Granos,Maíz trillado,500 g / 1 kg,Maíz blanco trillado / Maíz amarillo trillado,Cubierto,Elegir color según donación,catálogo de referencia del equipo (códigos Jessica pendientes),"Pereira, Mercasa (alternativa: Pereira, La 41)",DANE SIPSA-P microdatos 2024 + boletín semanal sep-2026
Granos,Arveja seca,500 g,Arveja verde seca importada,Cubierto,,catálogo de referencia del equipo (códigos Jessica pendientes),"Pereira, Mercasa (alternativa: Pereira, La 41)",DANE SIPSA-P microdatos 2024 + boletín semanal sep-2026
Granos,Garbanzo,500 g,Garbanzo importado,Cubierto,,catálogo de referencia del equipo (códigos Jessica pendientes),"Pereira, Mercasa (alternativa: Pereira, La 41)",DANE SIPSA-P microdatos 2024 + boletín semanal sep-2026
Granos,Avena en hojuelas,400 g / 500 g,Avena en hojuelas,Cubierto,También Avena molida,catálogo de referencia del equipo (códigos Jessica pendientes),"Pereira, Mercasa (alternativa: Pereira, La 41)",DANE SIPSA-P microdatos 2024 + boletín semanal sep-2026
Granos,Pasta alimenticia (espagueti),500 g,Pastas alimenticias,Cubierto,Sin desglose por marca/forma,catálogo de referencia del equipo (códigos Jessica pendientes),"Pereira, Mercasa (alternativa: Pereira, La 41)",DANE SIPSA-P microdatos 2024 + boletín semanal sep-2026
Granos,Aceite vegetal,500 ml / 1 L / 3 L,Aceite vegetal mezcla,Cubierto,"Alternativas: Aceite soya, Aceite girasol, Aceite de palma",catálogo de referencia del equipo (códigos Jessica pendientes),"Pereira, Mercasa (alternativa: Pereira, La 41)",DANE SIPSA-P microdatos 2024 + boletín semanal sep-2026
Granos,Harina precocida de maíz,500 g / 1 kg,Harina precocida de maíz,Cubierto,Útil para arepas; no es pan fresco,catálogo de referencia del equipo (códigos Jessica pendientes),"Pereira, Mercasa (alternativa: Pereira, La 41)",DANE SIPSA-P microdatos 2024 + boletín semanal sep-2026
Dulces,Azúcar blanca,500 g / 1 kg,Azúcar sulfitada / Azúcar refinada,Cubierto,Sulfitada es la serie más frecuente en boletines,catálogo de referencia del equipo (códigos Jessica pendientes),"Pereira, Mercasa (alternativa: Pereira, La 41)",DANE SIPSA-P microdatos 2024 + boletín semanal sep-2026
Dulces,Azúcar morena,500 g,Azúcar morena,Cubierto,,catálogo de referencia del equipo (códigos Jessica pendientes),"Pereira, Mercasa (alternativa: Pereira, La 41)",DANE SIPSA-P microdatos 2024 + boletín semanal sep-2026
Dulces,Panela,unidad / bloque,Panela cuadrada morena,Cubierto,"También Panela cuadrada blanca, redonda, en pastilla",catálogo de referencia del equipo (códigos Jessica pendientes),"Pereira, Mercasa (alternativa: Pereira, La 41)",DANE SIPSA-P microdatos 2024 + boletín semanal sep-2026
Dulces,Chocolate de mesa,250 g / 500 g,Chocolate amargo / Chocolate dulce,Cubierto,Mapear según tipo de donación,catálogo de referencia del equipo (códigos Jessica pendientes),"Pereira, Mercasa (alternativa: Pereira, La 41)",DANE SIPSA-P microdatos 2024 + boletín semanal sep-2026
Dulces,Café molido,250 g / 500 g,Café molido,Cubierto,También Café instantáneo,catálogo de referencia del equipo (códigos Jessica pendientes),"Pereira, Mercasa (alternativa: Pereira, La 41)",DANE SIPSA-P microdatos 2024 + boletín semanal sep-2026
Dulces,Galletas dulces,paquete,Galletas dulces redondas con crema,Parcial,Presentación genérica; marca no aplica,catálogo de referencia del equipo (códigos Jessica pendientes),"Pereira, Mercasa (alternativa: Pereira, La 41)",DANE SIPSA-P microdatos 2024 + boletín semanal sep-2026
Dulces,Bocadillo,unidad / caja,Bocadillo veleño,Cubierto,,catálogo de referencia del equipo (códigos Jessica pendientes),"Pereira, Mercasa (alternativa: Pereira, La 41)",DANE SIPSA-P microdatos 2024 + boletín semanal sep-2026
Dulces,Gelatina en polvo,caja,Gelatina,Cubierto,,catálogo de referencia del equipo (códigos Jessica pendientes),"Pereira, Mercasa (alternativa: Pereira, La 41)",DANE SIPSA-P microdatos 2024 + boletín semanal sep-2026
Dulces,Mermelada / dulce de frutas,frasco,—,Sin cobertura,No hay serie dedicada; no usar jugo como proxy,catálogo de referencia del equipo (códigos Jessica pendientes),"Pereira, Mercasa (alternativa: Pereira, La 41)",DANE SIPSA-P microdatos 2024 + boletín semanal sep-2026
Dulces,Dulces surtidos / confites,paquete,—,Sin cobertura,Fuera de canasta agropecuaria SIPSA-P,catálogo de referencia del equipo (códigos Jessica pendientes),"Pereira, Mercasa (alternativa: Pereira, La 41)",DANE SIPSA-P microdatos 2024 + boletín semanal sep-2026
Aseo,Jabón de barra (aseo personal),unidad,—,Sin cobertura,Canasta SIPSA-P es agroalimentaria,catálogo de referencia del equipo (códigos Jessica pendientes),"Pereira, Mercasa (alternativa: Pereira, La 41)",DANE SIPSA-P microdatos 2024 + boletín semanal sep-2026
Aseo,Detergente en polvo,500 g / 1 kg,—,Sin cobertura,Carga manual o remisión del donante,catálogo de referencia del equipo (códigos Jessica pendientes),"Pereira, Mercasa (alternativa: Pereira, La 41)",DANE SIPSA-P microdatos 2024 + boletín semanal sep-2026
Aseo,Lavaplatos líquido,500 ml,—,Sin cobertura,,catálogo de referencia del equipo (códigos Jessica pendientes),"Pereira, Mercasa (alternativa: Pereira, La 41)",DANE SIPSA-P microdatos 2024 + boletín semanal sep-2026
Aseo,Papel higiénico,rollo / paquete,—,Sin cobertura,,catálogo de referencia del equipo (códigos Jessica pendientes),"Pereira, Mercasa (alternativa: Pereira, La 41)",DANE SIPSA-P microdatos 2024 + boletín semanal sep-2026
Aseo,Crema dental,tubo,—,Sin cobertura,,catálogo de referencia del equipo (códigos Jessica pendientes),"Pereira, Mercasa (alternativa: Pereira, La 41)",DANE SIPSA-P microdatos 2024 + boletín semanal sep-2026
Aseo,Champú,frasco,—,Sin cobertura,,catálogo de referencia del equipo (códigos Jessica pendientes),"Pereira, Mercasa (alternativa: Pereira, La 41)",DANE SIPSA-P microdatos 2024 + boletín semanal sep-2026
Aseo,Cloro / blanqueador,litro,—,Sin cobertura,,catálogo de referencia del equipo (códigos Jessica pendientes),"Pereira, Mercasa (alternativa: Pereira, La 41)",DANE SIPSA-P microdatos 2024 + boletín semanal sep-2026
Aseo,Toallas higiénicas,paquete,—,Sin cobertura,,catálogo de referencia del equipo (códigos Jessica pendientes),"Pereira, Mercasa (alternativa: Pereira, La 41)",DANE SIPSA-P microdatos 2024 + boletín semanal sep-2026
Fruta y verdura,Tomate,kg,Tomate chonto,Cubierto,"Alternativas: Riogrande, larga vida",catálogo de referencia del equipo (códigos Jessica pendientes),"Pereira, Mercasa (alternativa: Pereira, La 41)",DANE SIPSA-P microdatos 2024 + boletín semanal sep-2026
Fruta y verdura,Cebolla cabezona,kg,Cebolla cabezona blanca,Cubierto,También cabezona roja,catálogo de referencia del equipo (códigos Jessica pendientes),"Pereira, Mercasa (alternativa: Pereira, La 41)",DANE SIPSA-P microdatos 2024 + boletín semanal sep-2026
Fruta y verdura,Papa,kg,Papa criolla limpia / Papa parda pastusa,Parcial,Variedad depende de la donación; varias series SIPSA,catálogo de referencia del equipo (códigos Jessica pendientes),"Pereira, Mercasa (alternativa: Pereira, La 41)",DANE SIPSA-P microdatos 2024 + boletín semanal sep-2026
Fruta y verdura,Plátano hartón,kg / unidad,Plátano hartón verde,Cubierto,También hartón maduro,catálogo de referencia del equipo (códigos Jessica pendientes),"Pereira, Mercasa (alternativa: Pereira, La 41)",DANE SIPSA-P microdatos 2024 + boletín semanal sep-2026
Fruta y verdura,Banano,kg,Banano criollo,Cubierto,También Banano Urabá / bocadillo,catálogo de referencia del equipo (códigos Jessica pendientes),"Pereira, Mercasa (alternativa: Pereira, La 41)",DANE SIPSA-P microdatos 2024 + boletín semanal sep-2026
Fruta y verdura,Zanahoria,kg,Zanahoria,Cubierto,,catálogo de referencia del equipo (códigos Jessica pendientes),"Pereira, Mercasa (alternativa: Pereira, La 41)",DANE SIPSA-P microdatos 2024 + boletín semanal sep-2026
Fruta y verdura,Habichuela,kg,Habichuela,Cubierto,,catálogo de referencia del equipo (códigos Jessica pendientes),"Pereira, Mercasa (alternativa: Pereira, La 41)",DANE SIPSA-P microdatos 2024 + boletín semanal sep-2026
Fruta y verdura,Naranja,kg,Naranja Valencia,Cubierto,También Naranja común / Sweet,catálogo de referencia del equipo (códigos Jessica pendientes),"Pereira, Mercasa (alternativa: Pereira, La 41)",DANE SIPSA-P microdatos 2024 + boletín semanal sep-2026
Fruta y verdura,Limón,kg,Limón Tahití,Cubierto,También Limón común,catálogo de referencia del equipo (códigos Jessica pendientes),"Pereira, Mercasa (alternativa: Pereira, La 41)",DANE SIPSA-P microdatos 2024 + boletín semanal sep-2026
Fruta y verdura,Aguacate,kg / unidad,Aguacate papelillo / Aguacate Hass,Cubierto,,catálogo de referencia del equipo (códigos Jessica pendientes),"Pereira, Mercasa (alternativa: Pereira, La 41)",DANE SIPSA-P microdatos 2024 + boletín semanal sep-2026
Fruta y verdura,Yuca,kg,Yuca criolla,Cubierto,También Yuca ICA / llanera,catálogo de referencia del equipo (códigos Jessica pendientes),"Pereira, Mercasa (alternativa: Pereira, La 41)",DANE SIPSA-P microdatos 2024 + boletín semanal sep-2026
Fruta y verdura,Lechuga,unidad / kg,Lechuga Batavia,Cubierto,,catálogo de referencia del equipo (códigos Jessica pendientes),"Pereira, Mercasa (alternativa: Pereira, La 41)",DANE SIPSA-P microdatos 2024 + boletín semanal sep-2026
Fruta y verdura,Mora,kg,Mora de Castilla,Cubierto,,catálogo de referencia del equipo (códigos Jessica pendientes),"Pereira, Mercasa (alternativa: Pereira, La 41)",DANE SIPSA-P microdatos 2024 + boletín semanal sep-2026
Fruta y verdura,Lulo,kg,Lulo,Cubierto,,catálogo de referencia del equipo (códigos Jessica pendientes),"Pereira, Mercasa (alternativa: Pereira, La 41)",DANE SIPSA-P microdatos 2024 + boletín semanal sep-2026
Fruta y verdura,Piña,unidad / kg,Piña gold,Cubierto,,catálogo de referencia del equipo (códigos Jessica pendientes),"Pereira, Mercasa (alternativa: Pereira, La 41)",DANE SIPSA-P microdatos 2024 + boletín semanal sep-2026
Fruta y verdura,Cilantro,atado / kg,Cilantro,Cubierto,,catálogo de referencia del equipo (códigos Jessica pendientes),"Pereira, Mercasa (alternativa: Pereira, La 41)",DANE SIPSA-P microdatos 2024 + boletín semanal sep-2026
Panadería,Pan tajado / pan de molde,paquete,—,Sin cobertura,No forma parte de la canasta mayorista SIPSA-P,catálogo de referencia del equipo (códigos Jessica pendientes),"Pereira, Mercasa (alternativa: Pereira, La 41)",DANE SIPSA-P microdatos 2024 + boletín semanal sep-2026
Panadería,Pan francés / pan de sal,unidad,—,Sin cobertura,Salida mismo día; valorar por remisión o carga manual,catálogo de referencia del equipo (códigos Jessica pendientes),"Pereira, Mercasa (alternativa: Pereira, La 41)",DANE SIPSA-P microdatos 2024 + boletín semanal sep-2026
Panadería,Harina de trigo,500 g / 1 kg,Harina de trigo,Cubierto,Insumo; no sustituye precio de pan terminado,catálogo de referencia del equipo (códigos Jessica pendientes),"Pereira, Mercasa (alternativa: Pereira, La 41)",DANE SIPSA-P microdatos 2024 + boletín semanal sep-2026
Panadería,Galletas saladas,paquete,Galletas saladas,Cubierto,,catálogo de referencia del equipo (códigos Jessica pendientes),"Pereira, Mercasa (alternativa: Pereira, La 41)",DANE SIPSA-P microdatos 2024 + boletín semanal sep-2026
Panadería,Arepa precocida / masa,paquete,Harina precocida de maíz,Parcial,Proxy de insumo; no es producto final empacado de marca,catálogo de referencia del equipo (códigos Jessica pendientes),"Pereira, Mercasa (alternativa: Pereira, La 41)",DANE SIPSA-P microdatos 2024 + boletín semanal sep-2026
Lácteos y huevos (extensión equipo),Huevos,cartón / unidad,Huevo rojo A / Huevo rojo AA,Cubierto,Categoría no listada en el glosario de Arquitectura v1.2; incluida por necesidad de valoración,extensión equipo para valoración (códigos Jessica pendientes),"Pereira, Mercasa (alternativa: Pereira, La 41)",DANE SIPSA-P microdatos 2024 + boletín semanal sep-2026
Lácteos y huevos (extensión equipo),Leche en polvo,400 g / 900 g,Leche en polvo,Cubierto,Leche líquida no aparece como serie mayorista típica,extensión equipo para valoración (códigos Jessica pendientes),"Pereira, Mercasa (alternativa: Pereira, La 41)",DANE SIPSA-P microdatos 2024 + boletín semanal sep-2026
Lácteos y huevos (extensión equipo),Queso campesino,kg,Queso campesino,Cubierto,"También doble crema, costeño, cuajada",extensión equipo para valoración (códigos Jessica pendientes),"Pereira, Mercasa (alternativa: Pereira, La 41)",DANE SIPSA-P microdatos 2024 + boletín semanal sep-2026
